[{"model": "admin.logentry", "pk": 1, "fields": {"action_time": "2024-05-04T17:54:27.636Z", "user": 1, "content_type": 7, "object_id": "1", "object_repr": "CAMON", "action_flag": 1, "change_message": "[{\"added\": {}}]"}}, {"model": "admin.logentry", "pk": 2, "fields": {"action_time": "2024-05-04T17:54:50.919Z", "user": 1, "content_type": 7, "object_id": "2", "object_repr": "PHANTOM", "action_flag": 1, "change_message": "[{\"added\": {}}]"}}, {"model": "admin.logentry", "pk": 3, "fields": {"action_time": "2024-05-04T17:55:12.825Z", "user": 1, "content_type": 7, "object_id": "3", "object_repr": "SPARK", "action_flag": 1, "change_message": "[{\"added\": {}}]"}}, {"model": "admin.logentry", "pk": 4, "fields": {"action_time": "2024-05-04T17:55:57.476Z", "user": 1, "content_type": 7, "object_id": "4", "object_repr": "POVA", "action_flag": 1, "change_message": "[{\"added\": {}}]"}}, {"model": "admin.logentry", "pk": 5, "fields": {"action_time": "2024-05-04T17:56:57.527Z", "user": 1, "content_type": 9, "object_id": "1", "object_repr": "GSM", "action_flag": 1, "change_message": "[{\"added\": {}}]"}}, {"model": "admin.logentry", "pk": 6, "fields": {"action_time": "2024-05-04T17:57:10.320Z", "user": 1, "content_type": 9, "object_id": "2", "object_repr": "GPRS", "action_flag": 1, "change_message": "[{\"added\": {}}]"}}, {"model": "admin.logentry", "pk": 7, "fields": {"action_time": "2024-05-04T17:57:13.969Z", "user": 1, "content_type": 9, "object_id": "3", "object_repr": "FULL EDGE", "action_flag": 1, "change_message": "[{\"added\": {}}]"}}, {"model": "admin.logentry", "pk": 8, "fields": {"action_time": "2024-05-04T17:57:20.680Z", "user": 1, "content_type": 9, "object_id": "4", "object_repr": "WCDMA", "action_flag": 1, "change_message": "[{\"added\": {}}]"}}, {"model": "admin.logentry", "pk": 9, "fields": {"action_time": "2024-05-04T17:57:24.951Z", "user": 1, "content_type": 9, "object_id": "5", "object_repr": "HSPA", "action_flag": 1, "change_message": "[{\"added\": {}}]"}}, {"model": "admin.logentry", "pk": 10, "fields": {"action_time": "2024-05-04T17:57:31.397Z", "user": 1, "content_type": 9, "object_id": "6", "object_repr": "TDD LTE", "action_flag": 1, "change_message": "[{\"added\": {}}]"}}, {"model": "admin.logentry", "pk": 11, "fields": {"action_time": "2024-05-04T17:57:39.029Z", "user": 1, "content_type": 9, "object_id": "7", "object_repr": "FDD LTE", "action_flag": 1, "change_message": "[{\"added\": {}}]"}}, {"model": "admin.logentry", "pk": 12, "fields": {"action_time": "2024-05-04T17:57:43.882Z", "user": 1, "content_type": 9, "object_id": "8", "object_repr": "GPS", "action_flag": 1, "change_message": "[{\"added\": {}}]"}}, {"model": "admin.logentry", "pk": 13, "fields": {"action_time": "2024-05-04T17:57:49.971Z", "user": 1, "content_type": 9, "object_id": "9", "object_repr": "Wi-F", "action_flag": 1, "change_message": "[{\"added\": {}}]"}}, {"model": "admin.logentry", "pk": 14, "fields": {"action_time": "2024-05-04T17:57:57.430Z", "user": 1, "content_type": 9, "object_id": "9", "object_repr": "Wi-FI", "action_flag": 2, "change_message": "[{\"changed\": {\"fields\": [\"\\u041d\\u0430\\u0437\\u0432\\u0430\\u043d\\u0438\\u0435 \\u0441\\u0435\\u0442\\u0438\", \"Slug\"]}}]"}}, {"model": "admin.logentry", "pk": 15, "fields": {"action_time": "2024-05-04T17:58:04.530Z", "user": 1, "content_type": 9, "object_id": "10", "object_repr": "FM", "action_flag": 1, "change_message": "[{\"added\": {}}]"}}, {"model": "admin.logentry", "pk": 16, "fields": {"action_time": "2024-05-04T17:58:20.296Z", "user": 1, "content_type": 9, "object_id": "11", "object_repr": "Bluetooth", "action_flag": 1, "change_message": "[{\"added\": {}}]"}}, {"model": "admin.logentry", "pk": 17, "fields": {"action_time": "2024-05-04T17:58:25.061Z", "user": 1, "content_type": 9, "object_id": "12", "object_repr": "OTG", "action_flag": 1, "change_message": "[{\"added\": {}}]"}}, {"model": "admin.logentry", "pk": 18, "fields": {"action_time": "2024-05-04T18:01:30.883Z", "user": 1, "content_type": 8, "object_id": "1", "object_repr": "Gray", "action_flag": 1, "change_message": "[{\"added\": {}}]"}}, {"model": "admin.logentry", "pk": 19, "fields": {"action_time": "2024-05-04T18:01:38.410Z", "user": 1, "content_type": 8, "object_id": "2", "object_repr": "Black", "action_flag": 1, "change_message": "[{\"added\": {}}]"}}, {"model": "admin.logentry", "pk": 20, "fields": {"action_time": "2024-05-04T18:01:46.251Z", "user": 1, "content_type": 8, "object_id": "3", "object_repr": "White", "action_flag": 1, "change_message": "[{\"added\": {}}]"}}, {"model": "admin.logentry", "pk": 21, "fields": {"action_time": "2024-05-04T18:01:52.144Z", "user": 1, "content_type": 8, "object_id": "4", "object_repr": "Brown", "action_flag": 1, "change_message": "[{\"added\": {}}]"}}, {"model": "admin.logentry", "pk": 22, "fields": {"action_time": "2024-05-04T18:01:57.093Z", "user": 1, "content_type": 8, "object_id": "5", "object_repr": "Caramel", "action_flag": 1, "change_message": "[{\"added\": {}}]"}}, {"model": "admin.logentry", "pk": 23, "fields": {"action_time": "2024-05-04T18:02:33.066Z", "user": 1, "content_type": 10, "object_id": "1", "object_repr": "Gray", "action_flag": 1, "change_message": "[{\"added\": {}}]"}}, {"model": "admin.logentry", "pk": 24, "fields": {"action_time": "2024-05-04T18:02:46.384Z", "user": 1, "content_type": 10, "object_id": "2", "object_repr": "White", "action_flag": 1, "change_message": "[{\"added\": {}}]"}}, {"model": "admin.logentry", "pk": 25, "fields": {"action_time": "2024-05-04T18:12:30.674Z", "user": 1, "content_type": 11, "object_id": "1", "object_repr": "SPARK 6", "action_flag": 1, "change_message": "[{\"added\": {}}]"}}, {"model": "admin.logentry", "pk": 26, "fields": {"action_time": "2024-05-04T18:12:44.043Z", "user": 1, "content_type": 10, "object_id": "2", "object_repr": "White", "action_flag": 2, "change_message": "[{\"changed\": {\"fields\": [\"image\", \"Phone\"]}}]"}}, {"model": "admin.logentry", "pk": 27, "fields": {"action_time": "2024-05-04T20:10:54.692Z", "user": 1, "content_type": 11, "object_id": "1", "object_repr": "SPARK 6", "action_flag": 2, "change_message": "[{\"added\": {\"name\": \"\\u0424\\u043e\\u0442\\u043e\", \"object\": \"Gray\"}}, {\"added\": {\"name\": \"\\u0424\\u043e\\u0442\\u043e\", \"object\": \"Brown\"}}, {\"changed\": {\"name\": \"\\u0424\\u043e\\u0442\\u043e\", \"object\": \"White\", \"fields\": [\"image\"]}}]"}}, {"model": "admin.logentry", "pk": 28, "fields": {"action_time": "2024-05-10T11:13:16.519Z", "user": 1, "content_type": 12, "object_id": "1", "object_repr": "Конкурс от Phantom", "action_flag": 1, "change_message": "[{\"added\": {}}]"}}, {"model": "admin.logentry", "pk": 29, "fields": {"action_time": "2024-05-10T11:17:42.109Z", "user": 1, "content_type": 12, "object_id": "1", "object_repr": "Конкурс от Phantom", "action_flag": 2, "change_message": "[{\"changed\": {\"fields\": [\"\\u0421\\u0442\\u0430\\u0442\\u0443\\u0441\"]}}]"}}, {"model": "admin.logentry", "pk": 30, "fields": {"action_time": "2024-05-11T07:16:37.626Z", "user": 1, "content_type": 11, "object_id": "2", "object_repr": "Russian", "action_flag": 1, "change_message": "[{\"added\": {}}, {\"added\": {\"name\": \"\\u0424\\u043e\\u0442\\u043e\", \"object\": \"Black\"}}]"}}, {"model": "admin.logentry", "pk": 31, "fields": {"action_time": "2024-05-11T08:41:20.278Z", "user": 1, "content_type": 11, "object_id": "2", "object_repr": "Russian", "action_flag": 2, "change_message": "[{\"changed\": {\"fields\": [\"Category\", \"\\u041a\\u0430\\u043c\\u0435\\u0440\\u0430 [kk]\", \"\\u041a\\u043e\\u043c\\u043f\\u043b\\u0435\\u043a\\u0442 \\u043f\\u043e\\u0441\\u0442\\u0430\\u0432\\u043a\\u0438 [kk]\"]}}]"}}, {"model": "admin.logentry", "pk": 32, "fields": {"action_time": "2024-05-11T08:41:26.805Z", "user": 1, "content_type": 11, "object_id": "1", "object_repr": "", "action_flag": 3, "change_message": ""}}, {"model": "admin.logentry", "pk": 33, "fields": {"action_time": "2024-05-13T15:59:46.763Z", "user": 2, "content_type": 12, "object_id": "1", "object_repr": "", "action_flag": 3, "change_message": ""}}, {"model": "admin.logentry", "pk": 34, "fields": {"action_time": "2024-05-13T16:01:59.272Z", "user": 2, "content_type": 12, "object_id": "2", "object_repr": "Hello World", "action_flag": 1, "change_message": "[{\"added\": {}}]"}}, {"model": "admin.logentry", "pk": 35, "fields": {"action_time": "2024-05-15T09:58:09.313Z", "user": 2, "content_type": 11, "object_id": "3", "object_repr": "Смартфон Tecno Spark 20 Pro Plus, 256 GB, Magic Skin Green (KJ7)", "action_flag": 1, "change_message": "[{\"added\": {}}, {\"added\": {\"name\": \"\\u0424\\u043e\\u0442\\u043e\", \"object\": \"Gray\"}}]"}}, {"model": "admin.logentry", "pk": 36, "fields": {"action_time": "2024-05-15T10:00:04.080Z", "user": 2, "content_type": 11, "object_id": "4", "object_repr": "Смартфон Tecno Spark Go 2024, 128 GB, Gravity Black (BG6)", "action_flag": 1, "change_message": "[{\"added\": {}}, {\"added\": {\"name\": \"\\u0424\\u043e\\u0442\\u043e\", \"object\": \"Brown\"}}]"}}, {"model": "admin.logentry", "pk": 37, "fields": {"action_time": "2024-05-15T10:43:41.288Z", "user": 2, "content_type": 11, "object_id": "4", "object_repr": "Смартфон Tecno Spark Go 2024, 128 GB, Gravity Black (BG6)", "action_flag": 2, "change_message": "[{\"changed\": {\"fields\": [\"\\u041e\\u0441\\u043d\\u043e\\u0432\\u043d\\u0430\\u044f \\u0438\\u043d\\u0444\\u043e\\u0440\\u043c\\u0430\\u0446\\u0438\\u044f [ru]\", \"\\u041e\\u0441\\u043d\\u043e\\u0432\\u043d\\u0430\\u044f \\u0438\\u043d\\u0444\\u043e\\u0440\\u043c\\u0430\\u0446\\u0438\\u044f [kk]\"]}}]"}}, {"model": "admin.logentry", "pk": 38, "fields": {"action_time": "2024-05-15T12:40:42.855Z", "user": 2, "content_type": 14, "object_id": "1", "object_repr": "5 MP", "action_flag": 1, "change_message": "[{\"added\": {}}]"}}, {"model": "admin.logentry", "pk": 39, "fields": {"action_time": "2024-05-15T12:40:49.504Z", "user": 2, "content_type": 14, "object_id": "2", "object_repr": "8 MP", "action_flag": 1, "change_message": "[{\"added\": {}}]"}}, {"model": "admin.logentry", "pk": 40, "fields": {"action_time": "2024-05-15T12:40:51.772Z", "user": 2, "content_type": 14, "object_id": "3", "object_repr": "13 MP", "action_flag": 1, "change_message": "[{\"added\": {}}]"}}, {"model": "admin.logentry", "pk": 41, "fields": {"action_time": "2024-05-15T12:40:55.851Z", "user": 2, "content_type": 14, "object_id": "4", "object_repr": "16 MP", "action_flag": 1, "change_message": "[{\"added\": {}}]"}}, {"model": "admin.logentry", "pk": 42, "fields": {"action_time": "2024-05-15T12:40:59.490Z", "user": 2, "content_type": 14, "object_id": "5", "object_repr": "20 MP", "action_flag": 1, "change_message": "[{\"added\": {}}]"}}, {"model": "admin.logentry", "pk": 43, "fields": {"action_time": "2024-05-15T12:41:04.212Z", "user": 2, "content_type": 14, "object_id": "6", "object_repr": "24 MP", "action_flag": 1, "change_message": "[{\"added\": {}}]"}}, {"model": "admin.logentry", "pk": 44, "fields": {"action_time": "2024-05-15T12:41:12.005Z", "user": 2, "content_type": 14, "object_id": "7", "object_repr": "32 MP", "action_flag": 1, "change_message": "[{\"added\": {}}]"}}, {"model": "admin.logentry", "pk": 45, "fields": {"action_time": "2024-05-15T12:41:16.389Z", "user": 2, "content_type": 14, "object_id": "8", "object_repr": "21 MP", "action_flag": 1, "change_message": "[{\"added\": {}}]"}}, {"model": "admin.logentry", "pk": 46, "fields": {"action_time": "2024-05-15T12:42:19.305Z", "user": 2, "content_type": 11, "object_id": "4", "object_repr": "Смартфон Tecno Spark Go 2024, 128 GB, Gravity Black (BG6)", "action_flag": 2, "change_message": "[{\"changed\": {\"fields\": [\"\\u0414\\u0438\\u0441\\u043f\\u043b\\u0435\\u0439\", \"Memories\", \"\\u0420\\u0430\\u0437\\u0440\\u0435\\u0448\\u0435\\u043d\\u0438\\u0435\", \"Front camera\", \"Back camera\", \"\\u0415\\u0441\\u0442\\u044c Touch ID\"]}}, {\"changed\": {\"name\": \"\\u0424\\u043e\\u0442\\u043e\", \"object\": \"Caramel\", \"fields\": [\"Color\"]}}]"}}, {"model": "admin.logentry", "pk": 47, "fields": {"action_time": "2024-05-15T12:42:43.592Z", "user": 2, "content_type": 11, "object_id": "3", "object_repr": "Смартфон Tecno Spark 20 Pro Plus, 256 GB, Magic Skin Green (KJ7)", "action_flag": 2, "change_message": "[{\"changed\": {\"fields\": [\"Memories\", \"Front camera\", \"Back camera\", \"\\u041a\\u043e\\u043c\\u043f\\u043b\\u0435\\u043a\\u0442 \\u043f\\u043e\\u0441\\u0442\\u0430\\u0432\\u043a\\u0438 [kk]\"]}}]"}}, {"model": "admin.logentry", "pk": 48, "fields": {"action_time": "2024-05-15T12:42:56.344Z", "user": 2, "content_type": 11, "object_id": "2", "object_repr": "Russian", "action_flag": 2, "change_message": "[{\"changed\": {\"fields\": [\"Memories\", \"Front camera\", \"Back camera\"]}}]"}}, {"model": "admin.logentry", "pk": 49, "fields": {"action_time": "2024-05-15T12:46:23.974Z", "user": 2, "content_type": 11, "object_id": "2", "object_repr": "Russian", "action_flag": 2, "change_message": "[]"}}, {"model": "admin.logentry", "pk": 50, "fields": {"action_time": "2024-05-15T13:09:48.749Z", "user": 2, "content_type": 11, "object_id": "4", "object_repr": "Смартфон Tecno Spark Go 2024, 128 GB, Gravity Black (BG6)", "action_flag": 2, "change_message": "[]"}}, {"model": "admin.logentry", "pk": 51, "fields": {"action_time": "2024-05-15T13:09:57.531Z", "user": 2, "content_type": 11, "object_id": "2", "object_repr": "Russian", "action_flag": 2, "change_message": "[{\"changed\": {\"fields\": [\"Memories\"]}}]"}}, {"model": "admin.logentry", "pk": 52, "fields": {"action_time": "2024-05-15T13:10:04.792Z", "user": 2, "content_type": 11, "object_id": "3", "object_repr": "Смартфон Tecno Spark 20 Pro Plus, 256 GB, Magic Skin Green (KJ7)", "action_flag": 2, "change_message": "[{\"changed\": {\"fields\": [\"Memories\"]}}]"}}, {"model": "admin.logentry", "pk": 53, "fields": {"action_time": "2024-05-15T13:10:32.570Z", "user": 2, "content_type": 11, "object_id": "2", "object_repr": "Russian", "action_flag": 2, "change_message": "[{\"changed\": {\"fields\": [\"Memories\"]}}]"}}, {"model": "admin.logentry", "pk": 54, "fields": {"action_time": "2024-05-15T13:10:36.803Z", "user": 2, "content_type": 11, "object_id": "4", "object_repr": "Смартфон Tecno Spark Go 2024, 128 GB, Gravity Black (BG6)", "action_flag": 2, "change_message": "[{\"changed\": {\"fields\": [\"Memories\"]}}]"}}, {"model": "admin.logentry", "pk": 55, "fields": {"action_time": "2024-05-15T13:11:01.365Z", "user": 2, "content_type": 11, "object_id": "4", "object_repr": "Смартфон Tecno Spark Go 2024, 128 GB, Gravity Black (BG6)", "action_flag": 2, "change_message": "[{\"changed\": {\"fields\": [\"Memories\"]}}]"}}, {"model": "admin.logentry", "pk": 56, "fields": {"action_time": "2024-05-15T13:11:42.044Z", "user": 2, "content_type": 11, "object_id": "3", "object_repr": "Смартфон Tecno Spark 20 Pro Plus, 256 GB, Magic Skin Green (KJ7)", "action_flag": 2, "change_message": "[]"}}, {"model": "admin.logentry", "pk": 57, "fields": {"action_time": "2024-05-15T13:11:46.120Z", "user": 2, "content_type": 11, "object_id": "3", "object_repr": "Смартфон Tecno Spark 20 Pro Plus, 256 GB, Magic Skin Green (KJ7)", "action_flag": 2, "change_message": "[]"}}, {"model": "admin.logentry", "pk": 58, "fields": {"action_time": "2024-05-15T13:11:50.478Z", "user": 2, "content_type": 11, "object_id": "2", "object_repr": "Russian", "action_flag": 2, "change_message": "[]"}}, {"model": "admin.logentry", "pk": 59, "fields": {"action_time": "2024-05-15T13:11:53.827Z", "user": 2, "content_type": 11, "object_id": "2", "object_repr": "Russian", "action_flag": 2, "change_message": "[]"}}, {"model": "admin.logentry", "pk": 60, "fields": {"action_time": "2024-05-15T13:23:01.949Z", "user": 2, "content_type": 11, "object_id": "3", "object_repr": "Смартфон Tecno Spark 20 Pro Plus, 256 GB, Magic Skin Green (KJ7)", "action_flag": 2, "change_message": "[{\"changed\": {\"fields\": [\"\\u0411\\u0430\\u0442\\u0430\\u0440\\u0435\\u044f\"]}}]"}}, {"model": "admin.logentry", "pk": 61, "fields": {"action_time": "2024-05-22T11:48:09.383Z", "user": 3, "content_type": 11, "object_id": "4", "object_repr": "Смартфон Tecno Spark Go 2024, 128 GB, Gravity Black (BG6)", "action_flag": 2, "change_message": "[{\"added\": {\"name\": \"\\u0424\\u043e\\u0442\\u043e\", \"object\": \"Black\"}}, {\"changed\": {\"name\": \"\\u0424\\u043e\\u0442\\u043e\", \"object\": \"White\", \"fields\": [\"Color\"]}}]"}}, {"model": "admin.logentry", "pk": 62, "fields": {"action_time": "2024-05-22T12:59:54.954Z", "user": 3, "content_type": 11, "object_id": "3", "object_repr": "Смартфон Tecno Spark 20 Pro Plus, 256 GB, Magic Skin Green (KJ7)", "action_flag": 2, "change_message": "[]"}}, {"model": "admin.logentry", "pk": 63, "fields": {"action_time": "2024-05-24T05:56:42.327Z", "user": 3, "content_type": 16, "object_id": "1", "object_repr": "Almaty", "action_flag": 1, "change_message": "[{\"added\": {}}]"}}, {"model": "admin.logentry", "pk": 64, "fields": {"action_time": "2024-05-24T05:56:45.238Z", "user": 3, "content_type": 17, "object_id": "1", "object_repr": "Test - Zhibek Zholy 144", "action_flag": 1, "change_message": "[{\"added\": {}}]"}}, {"model": "admin.logentry", "pk": 65, "fields": {"action_time": "2024-05-24T06:01:40.939Z", "user": 3, "content_type": 17, "object_id": "1", "object_repr": "Test - Zhibek Zholy 144", "action_flag": 2, "change_message": "[{\"changed\": {\"fields\": [\"\\u0421\\u0442\\u0430\\u0442\\u0443\\u0441 \\u0441\\u0435\\u0440\\u0432\\u0438\\u0441\\u0430\"]}}]"}}, {"model": "admin.logentry", "pk": 66, "fields": {"action_time": "2024-05-24T11:55:55.340Z", "user": 3, "content_type": 18, "object_id": "1", "object_repr": "Kaspi", "action_flag": 1, "change_message": "[{\"added\": {}}]"}}, {"model": "admin.logentry", "pk": 67, "fields": {"action_time": "2024-05-24T11:56:33.346Z", "user": 3, "content_type": 11, "object_id": "4", "object_repr": "Смартфон Tecno Spark Go 2024, 128 GB, Gravity Black (BG6)", "action_flag": 2, "change_message": "[]"}}, {"model": "admin.logentry", "pk": 68, "fields": {"action_time": "2024-05-24T11:57:40.749Z", "user": 3, "content_type": 11, "object_id": "3", "object_repr": "Смартфон Tecno Spark 20 Pro Plus, 256 GB, Magic Skin Green (KJ7)", "action_flag": 2, "change_message": "[]"}}, {"model": "admin.logentry", "pk": 69, "fields": {"action_time": "2024-05-24T12:07:52.570Z", "user": 3, "content_type": 11, "object_id": "4", "object_repr": "Смартфон Tecno Spark Go 2024, 128 GB, Gravity Black (BG6)", "action_flag": 2, "change_message": "[]"}}, {"model": "admin.logentry", "pk": 70, "fields": {"action_time": "2024-05-24T13:04:19.605Z", "user": 3, "content_type": 11, "object_id": "4", "object_repr": "Смартфон Tecno Spark Go 2024, 128 GB, Gravity Black (BG6)", "action_flag": 2, "change_message": "[{\"added\": {\"name\": \"\\u0421\\u0441\\u044b\\u043b\\u043a\\u0430 \\u043d\\u0430 \\u043f\\u043e\\u043a\\u0443\\u043f\\u043a\\u0443 \", \"object\": \"Kaspi\"}}]"}}, {"model": "auth.permission", "pk": 1, "fields": {"name": "Can add log entry", "content_type": 1, "codename": "add_logentry"}}, {"model": "auth.permission", "pk": 2, "fields": {"name": "Can change log entry", "content_type": 1, "codename": "change_logentry"}}, {"model": "auth.permission", "pk": 3, "fields": {"name": "Can delete log entry", "content_type": 1, "codename": "delete_logentry"}}, {"model": "auth.permission", "pk": 4, "fields": {"name": "Can view log entry", "content_type": 1, "codename": "view_logentry"}}, {"model": "auth.permission", "pk": 5, "fields": {"name": "Can add permission", "content_type": 2, "codename": "add_permission"}}, {"model": "auth.permission", "pk": 6, "fields": {"name": "Can change permission", "content_type": 2, "codename": "change_permission"}}, {"model": "auth.permission", "pk": 7, "fields": {"name": "Can delete permission", "content_type": 2, "codename": "delete_permission"}}, {"model": "auth.permission", "pk": 8, "fields": {"name": "Can view permission", "content_type": 2, "codename": "view_permission"}}, {"model": "auth.permission", "pk": 9, "fields": {"name": "Can add group", "content_type": 3, "codename": "add_group"}}, {"model": "auth.permission", "pk": 10, "fields": {"name": "Can change group", "content_type": 3, "codename": "change_group"}}, {"model": "auth.permission", "pk": 11, "fields": {"name": "Can delete group", "content_type": 3, "codename": "delete_group"}}, {"model": "auth.permission", "pk": 12, "fields": {"name": "Can view group", "content_type": 3, "codename": "view_group"}}, {"model": "auth.permission", "pk": 13, "fields": {"name": "Can add user", "content_type": 4, "codename": "add_user"}}, {"model": "auth.permission", "pk": 14, "fields": {"name": "Can change user", "content_type": 4, "codename": "change_user"}}, {"model": "auth.permission", "pk": 15, "fields": {"name": "Can delete user", "content_type": 4, "codename": "delete_user"}}, {"model": "auth.permission", "pk": 16, "fields": {"name": "Can view user", "content_type": 4, "codename": "view_user"}}, {"model": "auth.permission", "pk": 17, "fields": {"name": "Can add content type", "content_type": 5, "codename": "add_contenttype"}}, {"model": "auth.permission", "pk": 18, "fields": {"name": "Can change content type", "content_type": 5, "codename": "change_contenttype"}}, {"model": "auth.permission", "pk": 19, "fields": {"name": "Can delete content type", "content_type": 5, "codename": "delete_contenttype"}}, {"model": "auth.permission", "pk": 20, "fields": {"name": "Can view content type", "content_type": 5, "codename": "view_contenttype"}}, {"model": "auth.permission", "pk": 21, "fields": {"name": "Can add session", "content_type": 6, "codename": "add_session"}}, {"model": "auth.permission", "pk": 22, "fields": {"name": "Can change session", "content_type": 6, "codename": "change_session"}}, {"model": "auth.permission", "pk": 23, "fields": {"name": "Can delete session", "content_type": 6, "codename": "delete_session"}}, {"model": "auth.permission", "pk": 24, "fields": {"name": "Can view session", "content_type": 6, "codename": "view_session"}}, {"model": "auth.permission", "pk": 25, "fields": {"name": "Can add Категория", "content_type": 7, "codename": "add_category"}}, {"model": "auth.permission", "pk": 26, "fields": {"name": "Can change Категория", "content_type": 7, "codename": "change_category"}}, {"model": "auth.permission", "pk": 27, "fields": {"name": "Can delete Категория", "content_type": 7, "codename": "delete_category"}}, {"model": "auth.permission", "pk": 28, "fields": {"name": "Can view Категория", "content_type": 7, "codename": "view_category"}}, {"model": "auth.permission", "pk": 29, "fields": {"name": "Can add Цвет", "content_type": 8, "codename": "add_color"}}, {"model": "auth.permission", "pk": 30, "fields": {"name": "Can change Цвет", "content_type": 8, "codename": "change_color"}}, {"model": "auth.permission", "pk": 31, "fields": {"name": "Can delete Цвет", "content_type": 8, "codename": "delete_color"}}, {"model": "auth.permission", "pk": 32, "fields": {"name": "Can view Цвет", "content_type": 8, "codename": "view_color"}}, {"model": "auth.permission", "pk": 33, "fields": {"name": "Can add Сеть", "content_type": 9, "codename": "add_network"}}, {"model": "auth.permission", "pk": 34, "fields": {"name": "Can change Сеть", "content_type": 9, "codename": "change_network"}}, {"model": "auth.permission", "pk": 35, "fields": {"name": "Can delete Сеть", "content_type": 9, "codename": "delete_network"}}, {"model": "auth.permission", "pk": 36, "fields": {"name": "Can view Сеть", "content_type": 9, "codename": "view_network"}}, {"model": "auth.permission", "pk": 37, "fields": {"name": "Can add Фото", "content_type": 10, "codename": "add_photo"}}, {"model": "auth.permission", "pk": 38, "fields": {"name": "Can change Фото", "content_type": 10, "codename": "change_photo"}}, {"model": "auth.permission", "pk": 39, "fields": {"name": "Can delete Фото", "content_type": 10, "codename": "delete_photo"}}, {"model": "auth.permission", "pk": 40, "fields": {"name": "Can view Фото", "content_type": 10, "codename": "view_photo"}}, {"model": "auth.permission", "pk": 41, "fields": {"name": "Can add Телефон", "content_type": 11, "codename": "add_phone"}}, {"model": "auth.permission", "pk": 42, "fields": {"name": "Can change Телефон", "content_type": 11, "codename": "change_phone"}}, {"model": "auth.permission", "pk": 43, "fields": {"name": "Can delete Телефон", "content_type": 11, "codename": "delete_phone"}}, {"model": "auth.permission", "pk": 44, "fields": {"name": "Can view Телефон", "content_type": 11, "codename": "view_phone"}}, {"model": "auth.permission", "pk": 45, "fields": {"name": "Can add Новость", "content_type": 12, "codename": "add_news"}}, {"model": "auth.permission", "pk": 46, "fields": {"name": "Can change Новость", "content_type": 12, "codename": "change_news"}}, {"model": "auth.permission", "pk": 47, "fields": {"name": "Can delete Новость", "content_type": 12, "codename": "delete_news"}}, {"model": "auth.permission", "pk": 48, "fields": {"name": "Can view Новость", "content_type": 12, "codename": "view_news"}}, {"model": "auth.permission", "pk": 49, "fields": {"name": "Can add Батарея", "content_type": 13, "codename": "add_battery"}}, {"model": "auth.permission", "pk": 50, "fields": {"name": "Can change Батарея", "content_type": 13, "codename": "change_battery"}}, {"model": "auth.permission", "pk": 51, "fields": {"name": "Can delete Батарея", "content_type": 13, "codename": "delete_battery"}}, {"model": "auth.permission", "pk": 52, "fields": {"name": "Can view Батарея", "content_type": 13, "codename": "view_battery"}}, {"model": "auth.permission", "pk": 53, "fields": {"name": "Can add Мегапиксель", "content_type": 14, "codename": "add_camerainfo"}}, {"model": "auth.permission", "pk": 54, "fields": {"name": "Can change Мегапиксель", "content_type": 14, "codename": "change_camerainfo"}}, {"model": "auth.permission", "pk": 55, "fields": {"name": "Can delete Мегапиксель", "content_type": 14, "codename": "delete_camerainfo"}}, {"model": "auth.permission", "pk": 56, "fields": {"name": "Can view Мегапиксель", "content_type": 14, "codename": "view_camerainfo"}}, {"model": "auth.permission", "pk": 57, "fields": {"name": "Can add Память", "content_type": 15, "codename": "add_memory"}}, {"model": "auth.permission", "pk": 58, "fields": {"name": "Can change Память", "content_type": 15, "codename": "change_memory"}}, {"model": "auth.permission", "pk": 59, "fields": {"name": "Can delete Память", "content_type": 15, "codename": "delete_memory"}}, {"model": "auth.permission", "pk": 60, "fields": {"name": "Can view Память", "content_type": 15, "codename": "view_memory"}}, {"model": "auth.permission", "pk": 61, "fields": {"name": "Can add Город", "content_type": 16, "codename": "add_city"}}, {"model": "auth.permission", "pk": 62, "fields": {"name": "Can change Город", "content_type": 16, "codename": "change_city"}}, {"model": "auth.permission", "pk": 63, "fields": {"name": "Can delete Город", "content_type": 16, "codename": "delete_city"}}, {"model": "auth.permission", "pk": 64, "fields": {"name": "Can view Город", "content_type": 16, "codename": "view_city"}}, {"model": "auth.permission", "pk": 65, "fields": {"name": "Can add Сервисный центр", "content_type": 17, "codename": "add_contact"}}, {"model": "auth.permission", "pk": 66, "fields": {"name": "Can change Сервисный центр", "content_type": 17, "codename": "change_contact"}}, {"model": "auth.permission", "pk": 67, "fields": {"name": "Can delete Сервисный центр", "content_type": 17, "codename": "delete_contact"}}, {"model": "auth.permission", "pk": 68, "fields": {"name": "Can view Сервисный центр", "content_type": 17, "codename": "view_contact"}}, {"model": "auth.permission", "pk": 69, "fields": {"name": "Can add Магазин", "content_type": 18, "codename": "add_store"}}, {"model": "auth.permission", "pk": 70, "fields": {"name": "Can change Магазин", "content_type": 18, "codename": "change_store"}}, {"model": "auth.permission", "pk": 71, "fields": {"name": "Can delete Магазин", "content_type": 18, "codename": "delete_store"}}, {"model": "auth.permission", "pk": 72, "fields": {"name": "Can view Магазин", "content_type": 18, "codename": "view_store"}}, {"model": "auth.permission", "pk": 73, "fields": {"name": "Can add store url field", "content_type": 19, "codename": "add_storeurlfield"}}, {"model": "auth.permission", "pk": 74, "fields": {"name": "Can change store url field", "content_type": 19, "codename": "change_storeurlfield"}}, {"model": "auth.permission", "pk": 75, "fields": {"name": "Can delete store url field", "content_type": 19, "codename": "delete_storeurlfield"}}, {"model": "auth.permission", "pk": 76, "fields": {"name": "Can view store url field", "content_type": 19, "codename": "view_storeurlfield"}}, {"model": "auth.permission", "pk": 77, "fields": {"name": "Can add Подписчик", "content_type": 20, "codename": "add_mailing"}}, {"model": "auth.permission", "pk": 78, "fields": {"name": "Can change Подписчик", "content_type": 20, "codename": "change_mailing"}}, {"model": "auth.permission", "pk": 79, "fields": {"name": "Can delete Подписчик", "content_type": 20, "codename": "delete_mailing"}}, {"model": "auth.permission", "pk": 80, "fields": {"name": "Can view Подписчик", "content_type": 20, "codename": "view_mailing"}}, {"model": "auth.user", "pk": 1, "fields": {"password": "pbkdf2_sha256$720000$09eN6FtUvDPhn7vB6x5ljD$hFG8b8bhjI9Gu/aPLgpCKPs9Q63LLmFX1ssXpe+kN78=", "last_login": "2024-05-04T17:35:56.180Z", "is_superuser": true, "username": "nurekedev", "first_name": "", "last_name": "", "email": "snurekeee03@gmail.com", "is_staff": true, "is_active": true, "date_joined": "2024-05-04T17:34:42.353Z", "groups": [], "user_permissions": []}}, {"model": "auth.user", "pk": 2, "fields": {"password": "pbkdf2_sha256$720000$Nnr2uOwjeQF3o6NUVYYIwL$rB6abNslJD7sHqBVB0DsQyoPJWKKKteXQW44eRQYlMY=", "last_login": "2024-05-11T09:42:56.687Z", "is_superuser": true, "username": "tecno-admin@gmail.com", "first_name": "", "last_name": "", "email": "tecno-admin@gmail.com", "is_staff": true, "is_active": true, "date_joined": "2024-05-11T09:42:49.970Z", "groups": [], "user_permissions": []}}, {"model": "auth.user", "pk": 3, "fields": {"password": "pbkdf2_sha256$720000$XU7CvdQrRrSRCqmHiuCMKz$qGkNUggOX3zjus/k7R0QSuoS5c1Xz28AFE50NbgE5bg=", "last_login": "2024-05-23T14:28:56.282Z", "is_superuser": true, "username": "tecno", "first_name": "", "last_name": "", "email": "tecno@gmail.com", "is_staff": true, "is_active": true, "date_joined": "2024-05-22T10:31:06.049Z", "groups": [], "user_permissions": []}}, {"model": "contenttypes.contenttype", "pk": 1, "fields": {"app_label": "admin", "model": "logentry"}}, {"model": "contenttypes.contenttype", "pk": 2, "fields": {"app_label": "auth", "model": "permission"}}, {"model": "contenttypes.contenttype", "pk": 3, "fields": {"app_label": "auth", "model": "group"}}, {"model": "contenttypes.contenttype", "pk": 4, "fields": {"app_label": "auth", "model": "user"}}, {"model": "contenttypes.contenttype", "pk": 5, "fields": {"app_label": "contenttypes", "model": "contenttype"}}, {"model": "contenttypes.contenttype", "pk": 6, "fields": {"app_label": "sessions", "model": "session"}}, {"model": "contenttypes.contenttype", "pk": 7, "fields": {"app_label": "phones", "model": "category"}}, {"model": "contenttypes.contenttype", "pk": 8, "fields": {"app_label": "phones", "model": "color"}}, {"model": "contenttypes.contenttype", "pk": 9, "fields": {"app_label": "phones", "model": "network"}}, {"model": "contenttypes.contenttype", "pk": 10, "fields": {"app_label": "phones", "model": "photo"}}, {"model": "contenttypes.contenttype", "pk": 11, "fields": {"app_label": "phones", "model": "phone"}}, {"model": "contenttypes.contenttype", "pk": 12, "fields": {"app_label": "phones", "model": "news"}}, {"model": "contenttypes.contenttype", "pk": 13, "fields": {"app_label": "phones", "model": "battery"}}, {"model": "contenttypes.contenttype", "pk": 14, "fields": {"app_label": "phones", "model": "camerainfo"}}, {"model": "contenttypes.contenttype", "pk": 15, "fields": {"app_label": "phones", "model": "memory"}}, {"model": "contenttypes.contenttype", "pk": 16, "fields": {"app_label": "phones", "model": "city"}}, {"model": "contenttypes.contenttype", "pk": 17, "fields": {"app_label": "phones", "model": "contact"}}, {"model": "contenttypes.contenttype", "pk": 18, "fields": {"app_label": "phones", "model": "store"}}, {"model": "contenttypes.contenttype", "pk": 19, "fields": {"app_label": "phones", "model": "storeurlfield"}}, {"model": "contenttypes.contenttype", "pk": 20, "fields": {"app_label": "phones", "model": "mailing"}}, {"model": "sessions.session", "pk": "470g4ltvng7mcqiw8de094uh1rka86tu", "fields": {"session_data": ".eJxVjMsOwiAQRf-FtSEIDDAu3fcbyPCSqoGktCvjv2uTLnR7zzn3xTxta_XbyIufE7swyU6_W6D4yG0H6U7t1nnsbV3mwHeFH3Twqaf8vB7u30GlUb81WgiQLZEpkCJpqVIQThqwwhSnjCYsQBYcOl0AEEFKIQDhrAwJsuz9AdCsNp0:1s5jFo:xPjn_qAa3a5gaOwX8vWfL-7o07uPvZdZcIrYYXYfdm8", "expire_date": "2024-05-25T09:42:56.688Z"}}, {"model": "sessions.session", "pk": "jhyxgs4vfsxsz6v8kh4yeiaousfs0vgj", "fields": {"session_data": ".eJxVjEEOgjAQRe_StWlmSikdl-45Axk6o0VNSSisjHdXEha6_e-9_zIDb2setqrLMIk5m8acfreR00PLDuTO5TbbNJd1mUa7K_ag1faz6PNyuH8HmWv-1igtceMVAToI5Khj8CIeSWPDYdQoHfiWNLgUkR1F0BAct4oIdEXz_gC5Lzaz:1sA9RA:SAoL0MymQPy1M9aiiWRproHrPVTCcSL0rCgBZ9TfSIU", "expire_date": "2024-06-06T14:28:56.283Z"}}, {"model": "phones.city", "pk": 1, "fields": {"name": "Almaty", "slug": "almaty"}}, {"model": "phones.memory", "pk": 1, "fields": {"size": 8}}, {"model": "phones.memory", "pk": 2, "fields": {"size": 16}}, {"model": "phones.memory", "pk": 3, "fields": {"size": 32}}, {"model": "phones.memory", "pk": 4, "fields": {"size": 64}}, {"model": "phones.memory", "pk": 5, "fields": {"size": 128}}, {"model": "phones.memory", "pk": 6, "fields": {"size": 256}}, {"model": "phones.memory", "pk": 7, "fields": {"size": 512}}, {"model": "phones.memory", "pk": 8, "fields": {"size": 1024}}, {"model": "phones.camerainfo", "pk": 1, "fields": {"megapixels": 5}}, {"model": "phones.camerainfo", "pk": 2, "fields": {"megapixels": 8}}, {"model": "phones.camerainfo", "pk": 3, "fields": {"megapixels": 13}}, {"model": "phones.camerainfo", "pk": 4, "fields": {"megapixels": 16}}, {"model": "phones.camerainfo", "pk": 5, "fields": {"megapixels": 20}}, {"model": "phones.camerainfo", "pk": 6, "fields": {"megapixels": 24}}, {"model": "phones.camerainfo", "pk": 7, "fields": {"megapixels": 32}}, {"model": "phones.camerainfo", "pk": 8, "fields": {"megapixels": 21}}, {"model": "phones.category", "pk": 1, "fields": {"name": "CAMON", "slug": "camon", "description": "Fake test"}}, {"model": "phones.category", "pk": 2, "fields": {"name": "PHANTOM", "slug": "phantom", "description": "Fake text"}}, {"model": "phones.category", "pk": 3, "fields": {"name": "SPARK", "slug": "spark", "description": "TEST"}}, {"model": "phones.category", "pk": 4, "fields": {"name": "POVA", "slug": "pova", "description": "Fake"}}, {"model": "phones.color", "pk": 1, "fields": {"name": "Gray", "slug": "gray"}}, {"model": "phones.color", "pk": 2, "fields": {"name": "Black", "slug": "black"}}, {"model": "phones.color", "pk": 3, "fields": {"name": "White", "slug": "white"}}, {"model": "phones.color", "pk": 4, "fields": {"name": "Brown", "slug": "brown"}}, {"model": "phones.color", "pk": 5, "fields": {"name": "Caramel", "slug": "caramel"}}, {"model": "phones.network", "pk": 1, "fields": {"name": "GSM", "slug": "gsm"}}, {"model": "phones.network", "pk": 2, "fields": {"name": "GPRS", "slug": "gprs"}}, {"model": "phones.network", "pk": 3, "fields": {"name": "FULL EDGE", "slug": "full-edge"}}, {"model": "phones.network", "pk": 4, "fields": {"name": "WCDMA", "slug": "wcdma"}}, {"model": "phones.network", "pk": 5, "fields": {"name": "HSPA", "slug": "hspa"}}, {"model": "phones.network", "pk": 6, "fields": {"name": "TDD LTE", "slug": "tdd-lte"}}, {"model": "phones.network", "pk": 7, "fields": {"name": "FDD LTE", "slug": "fdd-lte"}}, {"model": "phones.network", "pk": 8, "fields": {"name": "GPS", "slug": "gps"}}, {"model": "phones.network", "pk": 9, "fields": {"name": "Wi-FI", "slug": "wi-fi"}}, {"model": "phones.network", "pk": 10, "fields": {"name": "FM", "slug": "fm"}}, {"model": "phones.network", "pk": 11, "fields": {"name": "Bluetooth", "slug": "bluetooth"}}, {"model": "phones.network", "pk": 12, "fields": {"name": "OTG", "slug": "otg"}}, {"model": "phones.phone", "pk": 2, "fields": {"category": 3, "title": "Russian", "title_ru": "Russian", "title_kk": "Kazakh", "slug": "russian", "status": "published", "display": 5.0, "price": 100000.0, "resolution": "HD", "front_camera": 6, "back_camera": 8, "has_touch_id": false, "battery": 3500.0, "inner_link": "", "has_download_url": false, "main_info": "<p>Russian Main info</p>", "main_info_ru": "<p>Russian Main info</p>", "main_info_kk": "<p>Kazakh main info</p>", "characteristics": "<p>Ru char</p>", "characteristics_ru": "<p>Ru char</p>", "characteristics_kk": "<p>KZ char</p>", "camera_info": "<p>Camera ru</p>", "camera_info_ru": "<p>Camera ru</p>", "camera_info_kk": "<p>sdfds</p>", "sensors": "<p>Indicates ru</p>", "sensors_ru": "<p>Indicates ru</p>", "sensors_kk": "<p>ind kz</p>", "kit_info": "<p>sdfsdf. RU</p>", "kit_info_ru": "<p>sdfsdf. RU</p>", "kit_info_kk": "<p>sdfs</p>", "memories": [1], "network": [2, 4, 5, 6, 7, 8, 10, 11]}}, {"model": "phones.phone", "pk": 3, "fields": {"category": 3, "title": "Смартфон Tecno Spark 20 Pro Plus, 256 GB, Magic Skin Green (KJ7)", "title_ru": "Смартфон Tecno Spark 20 Pro Plus, 256 GB, Magic Skin Green (KJ7)", "title_kk": "Смартфон Tecno Spark 20 Pro Plus, 256 GB, Magic Skin Green (KJ7)", "slug": "smartfon-tecno-spark-20-pro-plus-256-gb-magic-skin-green-kj7", "status": "published", "display": 5.0, "price": 100000.0, "resolution": "HD", "front_camera": 2, "back_camera": 5, "has_touch_id": false, "battery": 5001.0, "inner_link": "", "has_download_url": false, "main_info": "<ul>\r\n\t<li>Размер экрана, дюйм: 6.78</li>\r\n\t<li>Разрешение экрана: 2436 x 1080</li>\r\n\t<li>Тип матрицы: AMOLED</li>\r\n\t<li>Объем оперативной памяти: 8 ГБ</li>\r\n\t<li>Объем встроенной памяти: 256 ГБ</li>\r\n\t<li>Модель процессора: G99 Ultimate</li>\r\n\t<li>Частота процессора: 2.2 ГГц</li>\r\n\t<li>Основная камера, Мп: 108</li>\r\n\t<li>Фронтальная камера, Мп: 32</li>\r\n\t<li>Беспроводные интерфейсы: Wi-Fi, Bluetooth, NFC</li>\r\n\t<li>Емкость аккумулятора: 5000 мАч</li>\r\n</ul>", "main_info_ru": "<ul>\r\n\t<li>Размер экрана, дюйм: 6.78</li>\r\n\t<li>Разрешение экрана: 2436 x 1080</li>\r\n\t<li>Тип матрицы: AMOLED</li>\r\n\t<li>Объем оперативной памяти: 8 ГБ</li>\r\n\t<li>Объем встроенной памяти: 256 ГБ</li>\r\n\t<li>Модель процессора: G99 Ultimate</li>\r\n\t<li>Частота процессора: 2.2 ГГц</li>\r\n\t<li>Основная камера, Мп: 108</li>\r\n\t<li>Фронтальная камера, Мп: 32</li>\r\n\t<li>Беспроводные интерфейсы: Wi-Fi, Bluetooth, NFC</li>\r\n\t<li>Емкость аккумулятора: 5000 мАч</li>\r\n</ul>", "main_info_kk": "<ul>\r\n\t<li>Размер экрана, дюйм: 6.78</li>\r\n\t<li>Разрешение экрана: 2436 x 1080</li>\r\n\t<li>Тип матрицы: AMOLED</li>\r\n\t<li>Объем оперативной памяти: 8 ГБ</li>\r\n\t<li>Объем встроенной памяти: 256 ГБ</li>\r\n\t<li>Модель процессора: G99 Ultimate</li>\r\n\t<li>Частота процессора: 2.2 ГГц</li>\r\n\t<li>Основная камера, Мп: 108</li>\r\n\t<li>Фронтальная камера, Мп: 32</li>\r\n\t<li>Беспроводные интерфейсы: Wi-Fi, Bluetooth, NFC</li>\r\n\t<li>Емкость аккумулятора: 5000 мАч</li>\r\n</ul>", "characteristics": "<h2>Технические характеристики</h2>\r\n\r\n<p>Общие данные</p>\r\n\r\n<p>UID товара&nbsp;</p>\r\n\r\n<p>&nbsp;</p>\r\n\r\n<p>KJ7/MAGIC SKIN GREEN</p>\r\n\r\n<p>Производитель&nbsp;</p>\r\n\r\n<p>&nbsp;</p>\r\n\r\n<p><a href=\"https://shop.kz/offers/smartfony/filter/fltr_brand-is-tecno_mobile/apply/\">Tecno Mobile</a></p>\r\n\r\n<p>Модель&nbsp;Spark 20 Pro Plus</p>\r\n\r\n<p>Экран</p>\r\n\r\n<p>Размер экрана, дюйм&nbsp;&nbsp;6.78</p>\r\n\r\n<p>Разрешение экрана&nbsp;&nbsp;<a href=\"https://shop.kz/offers/smartfony/filter/fltr_permit_screen-is-2436_x_1080/apply/\">2436 x 1080</a></p>\r\n\r\n<p>Тип матрицы &nbsp;<a href=\"https://shop.kz/offers/smartfony/filter/a_type_display-is-amoled/apply/\">AMOLED</a></p>\r\n\r\n<p>Максимальная яркость экрана, кд/м2 &nbsp;1000</p>\r\n\r\n<p>Частота обновления экрана, Гц&nbsp;120</p>\r\n\r\n<p>Стекло экрана&nbsp;&nbsp;<img alt=\"Подробнее\" src=\"https://shop.kz/images/1.gif\" style=\"height:15px; width:14px\" />Gorilla Glass</p>\r\n\r\n<p>Память</p>\r\n\r\n<p>Объем оперативной памяти&nbsp;<img alt=\"Подробнее\" src=\"https://shop.kz/images/1.gif\" style=\"height:15px; width:14px\" /><a href=\"https://shop.kz/offers/smartfony/filter/a_constant_memorry-is-8_gb/apply/\">8 ГБ</a></p>\r\n\r\n<p>Объем встроенной памяти&nbsp;<img alt=\"Подробнее\" src=\"https://shop.kz/images/1.gif\" style=\"height:15px; width:14px\" /><a href=\"https://shop.kz/offers/smartfony/filter/a_operative_memorry-is-256_gb/apply/\">256 ГБ</a></p>\r\n\r\n<p>Внимание&nbsp;&nbsp;<img alt=\"Подробнее\" src=\"https://shop.kz/images/1.gif\" style=\"height:15px; width:14px\" /></p>\r\n\r\n<p>Доступный пользователю объем встроенной памяти меньше, так как часть занимает программное обеспечение устройства</p>\r\n\r\n<p>Поддерживаемые типы карт памяти&nbsp;&nbsp;<img alt=\"Подробнее\" src=\"https://shop.kz/images/1.gif\" style=\"height:15px; width:14px\" /></p>\r\n\r\n<p>microSD, microSDHC, microSDXC</p>", "characteristics_ru": "<h2>Технические характеристики</h2>\r\n\r\n<p>Общие данные</p>\r\n\r\n<p>UID товара&nbsp;</p>\r\n\r\n<p>&nbsp;</p>\r\n\r\n<p>KJ7/MAGIC SKIN GREEN</p>\r\n\r\n<p>Производитель&nbsp;</p>\r\n\r\n<p>&nbsp;</p>\r\n\r\n<p><a href=\"https://shop.kz/offers/smartfony/filter/fltr_brand-is-tecno_mobile/apply/\">Tecno Mobile</a></p>\r\n\r\n<p>Модель&nbsp;Spark 20 Pro Plus</p>\r\n\r\n<p>Экран</p>\r\n\r\n<p>Размер экрана, дюйм&nbsp;&nbsp;6.78</p>\r\n\r\n<p>Разрешение экрана&nbsp;&nbsp;<a href=\"https://shop.kz/offers/smartfony/filter/fltr_permit_screen-is-2436_x_1080/apply/\">2436 x 1080</a></p>\r\n\r\n<p>Тип матрицы &nbsp;<a href=\"https://shop.kz/offers/smartfony/filter/a_type_display-is-amoled/apply/\">AMOLED</a></p>\r\n\r\n<p>Максимальная яркость экрана, кд/м2 &nbsp;1000</p>\r\n\r\n<p>Частота обновления экрана, Гц&nbsp;120</p>\r\n\r\n<p>Стекло экрана&nbsp;&nbsp;<img alt=\"Подробнее\" src=\"https://shop.kz/images/1.gif\" style=\"height:15px; width:14px\" />Gorilla Glass</p>\r\n\r\n<p>Память</p>\r\n\r\n<p>Объем оперативной памяти&nbsp;<img alt=\"Подробнее\" src=\"https://shop.kz/images/1.gif\" style=\"height:15px; width:14px\" /><a href=\"https://shop.kz/offers/smartfony/filter/a_constant_memorry-is-8_gb/apply/\">8 ГБ</a></p>\r\n\r\n<p>Объем встроенной памяти&nbsp;<img alt=\"Подробнее\" src=\"https://shop.kz/images/1.gif\" style=\"height:15px; width:14px\" /><a href=\"https://shop.kz/offers/smartfony/filter/a_operative_memorry-is-256_gb/apply/\">256 ГБ</a></p>\r\n\r\n<p>Внимание&nbsp;&nbsp;<img alt=\"Подробнее\" src=\"https://shop.kz/images/1.gif\" style=\"height:15px; width:14px\" /></p>\r\n\r\n<p>Доступный пользователю объем встроенной памяти меньше, так как часть занимает программное обеспечение устройства</p>\r\n\r\n<p>Поддерживаемые типы карт памяти&nbsp;&nbsp;<img alt=\"Подробнее\" src=\"https://shop.kz/images/1.gif\" style=\"height:15px; width:14px\" /></p>\r\n\r\n<p>microSD, microSDHC, microSDXC</p>", "characteristics_kk": "<h2>Технические характеристики</h2>\r\n\r\n<p>Общие данные</p>\r\n\r\n<p>UID товара&nbsp;</p>\r\n\r\n<p>&nbsp;</p>\r\n\r\n<p>KJ7/MAGIC SKIN GREEN</p>\r\n\r\n<p>Производитель&nbsp;</p>\r\n\r\n<p>&nbsp;</p>\r\n\r\n<p><a href=\"https://shop.kz/offers/smartfony/filter/fltr_brand-is-tecno_mobile/apply/\">Tecno Mobile</a></p>\r\n\r\n<p>Модель&nbsp;Spark 20 Pro Plus</p>\r\n\r\n<p>Экран</p>\r\n\r\n<p>Размер экрана, дюйм&nbsp;&nbsp;6.78</p>\r\n\r\n<p>Разрешение экрана&nbsp;&nbsp;<a href=\"https://shop.kz/offers/smartfony/filter/fltr_permit_screen-is-2436_x_1080/apply/\">2436 x 1080</a></p>\r\n\r\n<p>Тип матрицы &nbsp;<a href=\"https://shop.kz/offers/smartfony/filter/a_type_display-is-amoled/apply/\">AMOLED</a></p>\r\n\r\n<p>Максимальная яркость экрана, кд/м2 &nbsp;1000</p>\r\n\r\n<p>Частота обновления экрана, Гц&nbsp;120</p>\r\n\r\n<p>Стекло экрана&nbsp;&nbsp;<img alt=\"Подробнее\" src=\"https://shop.kz/images/1.gif\" style=\"height:15px; width:14px\" />Gorilla Glass</p>\r\n\r\n<p>Память</p>\r\n\r\n<p>Объем оперативной памяти&nbsp;<img alt=\"Подробнее\" src=\"https://shop.kz/images/1.gif\" style=\"height:15px; width:14px\" /><a href=\"https://shop.kz/offers/smartfony/filter/a_constant_memorry-is-8_gb/apply/\">8 ГБ</a></p>\r\n\r\n<p>Объем встроенной памяти&nbsp;<img alt=\"Подробнее\" src=\"https://shop.kz/images/1.gif\" style=\"height:15px; width:14px\" /><a href=\"https://shop.kz/offers/smartfony/filter/a_operative_memorry-is-256_gb/apply/\">256 ГБ</a></p>\r\n\r\n<p>Внимание&nbsp;&nbsp;<img alt=\"Подробнее\" src=\"https://shop.kz/images/1.gif\" style=\"height:15px; width:14px\" /></p>\r\n\r\n<p>Доступный пользователю объем встроенной памяти меньше, так как часть занимает программное обеспечение устройства</p>\r\n\r\n<p>Поддерживаемые типы карт памяти&nbsp;&nbsp;<img alt=\"Подробнее\" src=\"https://shop.kz/images/1.gif\" style=\"height:15px; width:14px\" /></p>\r\n\r\n<p>microSD, microSDHC, microSDXC</p>", "camera_info": "<p>Наличие камеры&nbsp;</p>\r\n\r\n<p>&nbsp;</p>\r\n\r\n<p>на задней панели, фронтальная</p>\r\n\r\n<p>Основная камера, Мп&nbsp;</p>\r\n\r\n<p>&nbsp;</p>\r\n\r\n<p><a href=\"https://shop.kz/offers/smartfony/filter/a_main_cam_mp-is-108/apply/\">108</a></p>\r\n\r\n<p>Фронтальная камера, Мп&nbsp;&nbsp;<img alt=\"Подробнее\" src=\"https://shop.kz/images/1.gif\" style=\"height:15px; width:14px\" /></p>\r\n\r\n<p>&nbsp;</p>\r\n\r\n<p><a href=\"https://shop.kz/offers/smartfony/filter/a_front_cam_mp-is-32/apply/\">32</a></p>\r\n\r\n<p>Особенности основной камеры&nbsp;<img alt=\"Подробнее\" src=\"https://shop.kz/images/1.gif\" style=\"height:15px; width:14px\" /></p>\r\n\r\n<p>&nbsp;</p>\r\n\r\n<p><a href=\"https://shop.kz/offers/smartfony/filter/saund_properties-is-troynaya_kamera/apply/\">Тройная камера</a>,&nbsp;<a href=\"https://shop.kz/offers/smartfony/filter/saund_properties-is-4_led_vspyshki/apply/\">4-LED вспышки</a></p>\r\n\r\n<p>Разрешение видео&nbsp;&nbsp;<img alt=\"Подробнее\" src=\"https://shop.kz/images/1.gif\" style=\"height:15px; width:14px\" /></p>\r\n\r\n<p>&nbsp;</p>\r\n\r\n<p>2560 х 1440 пикселей, 30 кадров в секунду</p>", "camera_info_ru": "<p>Наличие камеры&nbsp;</p>\r\n\r\n<p>&nbsp;</p>\r\n\r\n<p>на задней панели, фронтальная</p>\r\n\r\n<p>Основная камера, Мп&nbsp;</p>\r\n\r\n<p>&nbsp;</p>\r\n\r\n<p><a href=\"https://shop.kz/offers/smartfony/filter/a_main_cam_mp-is-108/apply/\">108</a></p>\r\n\r\n<p>Фронтальная камера, Мп&nbsp;&nbsp;<img alt=\"Подробнее\" src=\"https://shop.kz/images/1.gif\" style=\"height:15px; width:14px\" /></p>\r\n\r\n<p>&nbsp;</p>\r\n\r\n<p><a href=\"https://shop.kz/offers/smartfony/filter/a_front_cam_mp-is-32/apply/\">32</a></p>\r\n\r\n<p>Особенности основной камеры&nbsp;<img alt=\"Подробнее\" src=\"https://shop.kz/images/1.gif\" style=\"height:15px; width:14px\" /></p>\r\n\r\n<p>&nbsp;</p>\r\n\r\n<p><a href=\"https://shop.kz/offers/smartfony/filter/saund_properties-is-troynaya_kamera/apply/\">Тройная камера</a>,&nbsp;<a href=\"https://shop.kz/offers/smartfony/filter/saund_properties-is-4_led_vspyshki/apply/\">4-LED вспышки</a></p>\r\n\r\n<p>Разрешение видео&nbsp;&nbsp;<img alt=\"Подробнее\" src=\"https://shop.kz/images/1.gif\" style=\"height:15px; width:14px\" /></p>\r\n\r\n<p>&nbsp;</p>\r\n\r\n<p>2560 х 1440 пикселей, 30 кадров в секунду</p>", "camera_info_kk": "<p>Наличие камеры&nbsp;</p>\r\n\r\n<p>&nbsp;</p>\r\n\r\n<p>на задней панели, фронтальная</p>\r\n\r\n<p>Основная камера, Мп&nbsp;</p>\r\n\r\n<p>&nbsp;</p>\r\n\r\n<p><a href=\"https://shop.kz/offers/smartfony/filter/a_main_cam_mp-is-108/apply/\">108</a></p>\r\n\r\n<p>Фронтальная камера, Мп&nbsp;&nbsp;<img alt=\"Подробнее\" src=\"https://shop.kz/images/1.gif\" style=\"height:15px; width:14px\" /></p>\r\n\r\n<p>&nbsp;</p>\r\n\r\n<p><a href=\"https://shop.kz/offers/smartfony/filter/a_front_cam_mp-is-32/apply/\">32</a></p>\r\n\r\n<p>Особенности основной камеры&nbsp;<img alt=\"Подробнее\" src=\"https://shop.kz/images/1.gif\" style=\"height:15px; width:14px\" /></p>\r\n\r\n<p>&nbsp;</p>\r\n\r\n<p><a href=\"https://shop.kz/offers/smartfony/filter/saund_properties-is-troynaya_kamera/apply/\">Тройная камера</a>,&nbsp;<a href=\"https://shop.kz/offers/smartfony/filter/saund_properties-is-4_led_vspyshki/apply/\">4-LED вспышки</a></p>\r\n\r\n<p>Разрешение видео&nbsp;&nbsp;<img alt=\"Подробнее\" src=\"https://shop.kz/images/1.gif\" style=\"height:15px; width:14px\" /></p>\r\n\r\n<p>&nbsp;</p>\r\n\r\n<p>2560 х 1440 пикселей, 30 кадров в секунду</p>", "sensors": "<p>Датчики&nbsp;&nbsp;<img alt=\"Подробнее\" src=\"https://shop.kz/images/1.gif\" style=\"height:15px; width:14px\" /></p>\r\n\r\n<p>Акселерометр, Гироскоп, Датчик освещенности, Датчик приближения, Сканер отпечатков пальцев, Цифровой компас</p>", "sensors_ru": "<p>Датчики&nbsp;&nbsp;<img alt=\"Подробнее\" src=\"https://shop.kz/images/1.gif\" style=\"height:15px; width:14px\" /></p>\r\n\r\n<p>Акселерометр, Гироскоп, Датчик освещенности, Датчик приближения, Сканер отпечатков пальцев, Цифровой компас</p>", "sensors_kk": "<p>Датчики&nbsp;&nbsp;<img alt=\"Подробнее\" src=\"https://shop.kz/images/1.gif\" style=\"height:15px; width:14px\" /></p>\r\n\r\n<p>Акселерометр, Гироскоп, Датчик освещенности, Датчик приближения, Сканер отпечатков пальцев, Цифровой компас</p>", "kit_info": "<p>Заводские данные</p>\r\n\r\n<p>Срок гарантии (мес.)&nbsp;&nbsp;<img alt=\"Подробнее\" src=\"https://shop.kz/images/1.gif\" style=\"height:15px; width:14px\" />12</p>\r\n\r\n<p>&nbsp;</p>", "kit_info_ru": "<p>Заводские данные</p>\r\n\r\n<p>Срок гарантии (мес.)&nbsp;&nbsp;<img alt=\"Подробнее\" src=\"https://shop.kz/images/1.gif\" style=\"height:15px; width:14px\" />12</p>\r\n\r\n<p>&nbsp;</p>", "kit_info_kk": "<p>Заводские данные</p>\r\n\r\n<p>Срок гарантии (мес.)&nbsp;&nbsp;<img alt=\"Подробнее\" src=\"https://shop.kz/images/1.gif\" style=\"height:15px; width:14px\" />12</p>\r\n\r\n<p>&nbsp;</p>", "memories": [1], "network": [1, 2, 3, 4, 9, 10, 11, 12]}}, {"model": "phones.phone", "pk": 4, "fields": {"category": 3, "title": "Смартфон Tecno Spark Go 2024, 128 GB, Gravity Black (BG6)", "title_ru": "Смартфон Tecno Spark Go 2024, 128 GB, Gravity Black (BG6)", "title_kk": "Смартфон Tecno Spark Go 2024, 128 GB, Gravity Black (BG6)", "slug": "smartfon-tecno-spark-go-2024-128-gb-gravity-black-bg6", "status": "published", "display": 5.65, "price": 100000.0, "resolution": "WVGA", "front_camera": 4, "back_camera": 4, "has_touch_id": true, "battery": 3500.0, "inner_link": "", "has_download_url": false, "main_info": "<ul>\r\n\t<li>\r\n\t<p>ГОЛУБОЙ/БЕЛЫЙ/ЧЕРНЫЙ/Magic Skin(Orange)</p>\r\n\t</li>\r\n\t<li>\r\n\t<p>50 Мп Съемка в высоком разрешении</p>\r\n\t</li>\r\n\t<li>\r\n\t<p>8 Мп Яркие селфи</p>\r\n\t</li>\r\n\t<li>\r\n\t<p>Трендовые цвета</p>\r\n\t</li>\r\n</ul>\r\n\r\n<ul>\r\n\t<li>\r\n\t<p>5000 мАч&nbsp;</p>\r\n\t</li>\r\n\t<li>\r\n\t<p>128 ГБ ПЗУ + 4 ГБ ОЗУ</p>\r\n\t</li>\r\n\t<li>\r\n\t<p>128 ГБ ПЗУ + 8 ГБ ОЗУ</p>\r\n\t</li>\r\n\t<li>\r\n\t<p>Экран 6,6&quot; HD+</p>\r\n\t</li>\r\n</ul>", "main_info_ru": "<ul>\r\n\t<li>\r\n\t<p>ГОЛУБОЙ/БЕЛЫЙ/ЧЕРНЫЙ/Magic Skin(Orange)</p>\r\n\t</li>\r\n\t<li>\r\n\t<p>50 Мп Съемка в высоком разрешении</p>\r\n\t</li>\r\n\t<li>\r\n\t<p>8 Мп Яркие селфи</p>\r\n\t</li>\r\n\t<li>\r\n\t<p>Трендовые цвета</p>\r\n\t</li>\r\n</ul>\r\n\r\n<ul>\r\n\t<li>\r\n\t<p>5000 мАч&nbsp;</p>\r\n\t</li>\r\n\t<li>\r\n\t<p>128 ГБ ПЗУ + 4 ГБ ОЗУ</p>\r\n\t</li>\r\n\t<li>\r\n\t<p>128 ГБ ПЗУ + 8 ГБ ОЗУ</p>\r\n\t</li>\r\n\t<li>\r\n\t<p>Экран 6,6&quot; HD+</p>\r\n\t</li>\r\n</ul>", "main_info_kk": "<ul>\r\n\t<li>\r\n\t<p>ГОЛУБОЙ/БЕЛЫЙ/ЧЕРНЫЙ/Magic Skin(Orange)</p>\r\n\t</li>\r\n\t<li>\r\n\t<p>50 Мп Съемка в высоком разрешении</p>\r\n\t</li>\r\n\t<li>\r\n\t<p>8 Мп Яркие селфи</p>\r\n\t</li>\r\n\t<li>\r\n\t<p>Трендовые цвета</p>\r\n\t</li>\r\n</ul>\r\n\r\n<ul>\r\n\t<li>\r\n\t<p>5000 мАч&nbsp;</p>\r\n\t</li>\r\n\t<li>\r\n\t<p>128 ГБ ПЗУ + 4 ГБ ОЗУ</p>\r\n\t</li>\r\n\t<li>\r\n\t<p>128 ГБ ПЗУ + 8 ГБ ОЗУ</p>\r\n\t</li>\r\n\t<li>\r\n\t<p>Экран 6,6&quot; HD+</p>\r\n\t</li>\r\n</ul>", "characteristics": "<p>Общие данные</p>\r\n\r\n<p>UID товара&nbsp;</p>\r\n\r\n<p>&nbsp;</p>\r\n\r\n<p>BG6/128GB/GRAVITY BLACK</p>\r\n\r\n<p>Производитель&nbsp;</p>\r\n\r\n<p>&nbsp;</p>\r\n\r\n<p><a href=\"https://shop.kz/offers/smartfony/filter/fltr_brand-is-tecno_mobile/apply/\">Tecno Mobile</a></p>\r\n\r\n<p>Модель&nbsp;</p>\r\n\r\n<p>&nbsp;</p>\r\n\r\n<p>Spark Go 2024</p>", "characteristics_ru": "<p>Общие данные</p>\r\n\r\n<p>UID товара&nbsp;</p>\r\n\r\n<p>&nbsp;</p>\r\n\r\n<p>BG6/128GB/GRAVITY BLACK</p>\r\n\r\n<p>Производитель&nbsp;</p>\r\n\r\n<p>&nbsp;</p>\r\n\r\n<p><a href=\"https://shop.kz/offers/smartfony/filter/fltr_brand-is-tecno_mobile/apply/\">Tecno Mobile</a></p>\r\n\r\n<p>Модель&nbsp;</p>\r\n\r\n<p>&nbsp;</p>\r\n\r\n<p>Spark Go 2024</p>", "characteristics_kk": "<p>Общие данные</p>\r\n\r\n<p>UID товара&nbsp;</p>\r\n\r\n<p>&nbsp;</p>\r\n\r\n<p>BG6/128GB/GRAVITY BLACK</p>\r\n\r\n<p>Производитель&nbsp;</p>\r\n\r\n<p>&nbsp;</p>\r\n\r\n<p><a href=\"https://shop.kz/offers/smartfony/filter/fltr_brand-is-tecno_mobile/apply/\">Tecno Mobile</a></p>\r\n\r\n<p>Модель&nbsp;</p>\r\n\r\n<p>&nbsp;</p>\r\n\r\n<p>Spark Go 2024</p>", "camera_info": "<p>Камера</p>\r\n\r\n<p>Наличие камеры&nbsp;</p>\r\n\r\n<p>&nbsp;</p>\r\n\r\n<p>на задней панели, фронтальная</p>\r\n\r\n<p>Основная камера, Мп&nbsp;</p>\r\n\r\n<p>&nbsp;</p>\r\n\r\n<p><a href=\"https://shop.kz/offers/smartfony/filter/a_main_cam_mp-is-13_ai/apply/\">13 + AI</a></p>\r\n\r\n<p>Фронтальная камера, Мп&nbsp;&nbsp;<img alt=\"Подробнее\" src=\"https://shop.kz/images/1.gif\" style=\"height:15px; width:14px\" /></p>\r\n\r\n<p>&nbsp;</p>\r\n\r\n<p><a href=\"https://shop.kz/offers/smartfony/filter/a_front_cam_mp-is-8/apply/\">8</a></p>\r\n\r\n<p>Особенности основной камеры&nbsp;<img alt=\"Подробнее\" src=\"https://shop.kz/images/1.gif\" style=\"height:15px; width:14px\" /></p>\r\n\r\n<p>&nbsp;</p>\r\n\r\n<p><a href=\"https://shop.kz/offers/smartfony/filter/saund_properties-is-dvoynaya_kamera/apply/\">Двойная камера</a>,&nbsp;<a href=\"https://shop.kz/offers/smartfony/filter/saund_properties-is-2_led_vspyshki/apply/\">2-LED вспышки</a></p>\r\n\r\n<p>Разрешение видео&nbsp;&nbsp;<img alt=\"Подробнее\" src=\"https://shop.kz/images/1.gif\" style=\"height:15px; width:14px\" /></p>\r\n\r\n<p>&nbsp;</p>\r\n\r\n<p>1920 х 1080 пикселей, 30 кадров в секунду</p>", "camera_info_ru": "<p>Камера</p>\r\n\r\n<p>Наличие камеры&nbsp;</p>\r\n\r\n<p>&nbsp;</p>\r\n\r\n<p>на задней панели, фронтальная</p>\r\n\r\n<p>Основная камера, Мп&nbsp;</p>\r\n\r\n<p>&nbsp;</p>\r\n\r\n<p><a href=\"https://shop.kz/offers/smartfony/filter/a_main_cam_mp-is-13_ai/apply/\">13 + AI</a></p>\r\n\r\n<p>Фронтальная камера, Мп&nbsp;&nbsp;<img alt=\"Подробнее\" src=\"https://shop.kz/images/1.gif\" style=\"height:15px; width:14px\" /></p>\r\n\r\n<p>&nbsp;</p>\r\n\r\n<p><a href=\"https://shop.kz/offers/smartfony/filter/a_front_cam_mp-is-8/apply/\">8</a></p>\r\n\r\n<p>Особенности основной камеры&nbsp;<img alt=\"Подробнее\" src=\"https://shop.kz/images/1.gif\" style=\"height:15px; width:14px\" /></p>\r\n\r\n<p>&nbsp;</p>\r\n\r\n<p><a href=\"https://shop.kz/offers/smartfony/filter/saund_properties-is-dvoynaya_kamera/apply/\">Двойная камера</a>,&nbsp;<a href=\"https://shop.kz/offers/smartfony/filter/saund_properties-is-2_led_vspyshki/apply/\">2-LED вспышки</a></p>\r\n\r\n<p>Разрешение видео&nbsp;&nbsp;<img alt=\"Подробнее\" src=\"https://shop.kz/images/1.gif\" style=\"height:15px; width:14px\" /></p>\r\n\r\n<p>&nbsp;</p>\r\n\r\n<p>1920 х 1080 пикселей, 30 кадров в секунду</p>", "camera_info_kk": "<p>Камера</p>\r\n\r\n<p>Наличие камеры&nbsp;</p>\r\n\r\n<p>&nbsp;</p>\r\n\r\n<p>на задней панели, фронтальная</p>\r\n\r\n<p>Основная камера, Мп&nbsp;</p>\r\n\r\n<p>&nbsp;</p>\r\n\r\n<p><a href=\"https://shop.kz/offers/smartfony/filter/a_main_cam_mp-is-13_ai/apply/\">13 + AI</a></p>\r\n\r\n<p>Фронтальная камера, Мп&nbsp;&nbsp;<img alt=\"Подробнее\" src=\"https://shop.kz/images/1.gif\" style=\"height:15px; width:14px\" /></p>\r\n\r\n<p>&nbsp;</p>\r\n\r\n<p><a href=\"https://shop.kz/offers/smartfony/filter/a_front_cam_mp-is-8/apply/\">8</a></p>\r\n\r\n<p>Особенности основной камеры&nbsp;<img alt=\"Подробнее\" src=\"https://shop.kz/images/1.gif\" style=\"height:15px; width:14px\" /></p>\r\n\r\n<p>&nbsp;</p>\r\n\r\n<p><a href=\"https://shop.kz/offers/smartfony/filter/saund_properties-is-dvoynaya_kamera/apply/\">Двойная камера</a>,&nbsp;<a href=\"https://shop.kz/offers/smartfony/filter/saund_properties-is-2_led_vspyshki/apply/\">2-LED вспышки</a></p>\r\n\r\n<p>Разрешение видео&nbsp;&nbsp;<img alt=\"Подробнее\" src=\"https://shop.kz/images/1.gif\" style=\"height:15px; width:14px\" /></p>\r\n\r\n<p>&nbsp;</p>\r\n\r\n<p>1920 х 1080 пикселей, 30 кадров в секунду</p>", "sensors": "<p>Датчики навигации&nbsp;&nbsp;<img alt=\"Подробнее\" src=\"https://shop.kz/images/1.gif\" style=\"height:15px; width:14px\" /></p>\r\n\r\n<p>&nbsp;</p>\r\n\r\n<p>GPS</p>", "sensors_ru": "<p>Датчики навигации&nbsp;&nbsp;<img alt=\"Подробнее\" src=\"https://shop.kz/images/1.gif\" style=\"height:15px; width:14px\" /></p>\r\n\r\n<p>&nbsp;</p>\r\n\r\n<p>GPS</p>", "sensors_kk": "<p>Датчики навигации&nbsp;&nbsp;<img alt=\"Подробнее\" src=\"https://shop.kz/images/1.gif\" style=\"height:15px; width:14px\" /></p>\r\n\r\n<p>&nbsp;</p>\r\n\r\n<p>GPS</p>", "kit_info": "<p>Питание</p>\r\n\r\n<p>Тип аккумулятора&nbsp;&nbsp;<img alt=\"Подробнее\" src=\"https://shop.kz/images/1.gif\" style=\"height:15px; width:14px\" /></p>\r\n\r\n<p>&nbsp;</p>\r\n\r\n<p><a href=\"https://shop.kz/offers/smartfony/filter/feeding-is-litiy_polimernyy_li_pol/apply/\">Литий-полимерный (Li-Pol)</a>,&nbsp;<a href=\"https://shop.kz/offers/smartfony/filter/feeding-is-nesemnyy/apply/\">Несъемный</a></p>\r\n\r\n<p>Емкость аккумулятора&nbsp;&nbsp;<img alt=\"Подробнее\" src=\"https://shop.kz/images/1.gif\" style=\"height:15px; width:14px\" /></p>\r\n\r\n<p>&nbsp;</p>\r\n\r\n<p>5000 мАч</p>", "kit_info_ru": "<p>Питание</p>\r\n\r\n<p>Тип аккумулятора&nbsp;&nbsp;<img alt=\"Подробнее\" src=\"https://shop.kz/images/1.gif\" style=\"height:15px; width:14px\" /></p>\r\n\r\n<p>&nbsp;</p>\r\n\r\n<p><a href=\"https://shop.kz/offers/smartfony/filter/feeding-is-litiy_polimernyy_li_pol/apply/\">Литий-полимерный (Li-Pol)</a>,&nbsp;<a href=\"https://shop.kz/offers/smartfony/filter/feeding-is-nesemnyy/apply/\">Несъемный</a></p>\r\n\r\n<p>Емкость аккумулятора&nbsp;&nbsp;<img alt=\"Подробнее\" src=\"https://shop.kz/images/1.gif\" style=\"height:15px; width:14px\" /></p>\r\n\r\n<p>&nbsp;</p>\r\n\r\n<p>5000 мАч</p>", "kit_info_kk": "<p>Питание</p>\r\n\r\n<p>Тип аккумулятора&nbsp;&nbsp;<img alt=\"Подробнее\" src=\"https://shop.kz/images/1.gif\" style=\"height:15px; width:14px\" /></p>\r\n\r\n<p>&nbsp;</p>\r\n\r\n<p><a href=\"https://shop.kz/offers/smartfony/filter/feeding-is-litiy_polimernyy_li_pol/apply/\">Литий-полимерный (Li-Pol)</a>,&nbsp;<a href=\"https://shop.kz/offers/smartfony/filter/feeding-is-nesemnyy/apply/\">Несъемный</a></p>\r\n\r\n<p>Емкость аккумулятора&nbsp;&nbsp;<img alt=\"Подробнее\" src=\"https://shop.kz/images/1.gif\" style=\"height:15px; width:14px\" /></p>\r\n\r\n<p>&nbsp;</p>\r\n\r\n<p>5000 мАч</p>", "memories": [2], "network": [9, 10, 11, 12]}}, {"model": "phones.store", "pk": 1, "fields": {"name": "Kaspi", "slug": "kaspi", "description": "Test"}}, {"model": "phones.storeurlfield", "pk": 1, "fields": {"store": 1, "link": "https://kaspi.kz", "phone": 4}}, {"model": "phones.photo", "pk": 1, "fields": {"color": 1, "image": "phones/16к-07.jpg", "phone": null}}, {"model": "phones.photo", "pk": 5, "fields": {"color": 2, "image": "phones/16к-07_5XoATYn.jpg", "phone": 2}}, {"model": "phones.photo", "pk": 6, "fields": {"color": 1, "image": "phones/16к-07_HM0IB7e.jpg", "phone": 3}}, {"model": "phones.photo", "pk": 7, "fields": {"color": 3, "image": "phones/Screenshot_2024-04-26_at_21-16-19_Platonus.png", "phone": 4}}, {"model": "phones.photo", "pk": 8, "fields": {"color": 2, "image": "phones/16к-07_yDXZ1lS.jpg", "phone": 4}}, {"model": "phones.news", "pk": 2, "fields": {"title": "Hello World", "title_ru": "Hello World", "title_kk": "Salem Alem!", "slug": "hello-world", "pattern": "slider_news", "preview_image": "newspapers/16к-07.jpg", "description": "RU", "description_ru": "RU", "description_kk": "KZ", "content": "<p>RUS</p>", "content_ru": "<p>RUS</p>", "content_kk": "<p>KAZ</p>", "status": "published", "created_at": "2024-05-13T16:01:59.271Z", "inner_link": "", "city": null}}, {"model": "phones.contact", "pk": 1, "fields": {"city": 1, "title": "Test", "address_line": "Zhibek Zholy 144", "phone_line": "8(777)344-23-32, 8(707)344-23-32,", "email_line": "tecno@gmail.com", "latitude": 32.12, "longitude": 32.12, "status": "published"}}, {"model": "phones.mailing", "pk": 1, "fields": {"email": "snurekeee03@gmail.com"}}]